feature_key,en_phrases_count,en_pos_success,en_neg_suppressed_all,ar_synonyms_count,ar_pos_success,ar_neg_suppressed_all,overall_success,en_pos_example,en_neg_example,ar_pos_example,ar_neg_example
cough,1,1,1,5,1,1,1,Patient reports cough.,Patient denies cough.; Patient has no cough.,أعاني من سعال; أعاني من كحه,لا يوجد سعال; ما في سعال
breast_lump,1,1,1,1,1,1,1,Patient reports breast lump.,Patient denies breast lump.; Patient has no breast lump.,أعاني من كتلة في الثدي,لا يوجد كتلة في الثدي; ما في كتلة في الثدي
legs,1,1,1,2,1,1,1,Patient reports legs.,Patient denies legs.; Patient has no legs.,أعاني من ساق; أعاني من قدم,لا يوجد ساق; ما في ساق
prolonged_bleeding_from_wounds_or_after_dental_work_or_surgery,1,1,1,8,1,1,1,Patient reports prolonged bleeding from wounds or after dental work or surgery.,Patient denies prolonged bleeding from wounds or after dental work or surgery.; Patient has no prolonged bleeding from wounds or after dental work or surgery.,أعاني من طويل الامد; أعاني من ممتد,لا يوجد طويل الامد; ما في طويل الامد
paralysis_of_the_limbs,1,1,1,1,1,1,1,Patient reports paralysis of the limbs.,Patient denies paralysis of the limbs.; Patient has no paralysis of the limbs.,أعاني من شلل,لا يوجد شلل; ما في شلل
widespread_musculoskeletal_pain,1,1,1,2,1,1,1,Patient reports widespread musculoskeletal pain.,Patient denies widespread musculoskeletal pain.; Patient has no widespread musculoskeletal pain.,أعاني من ألم; أعاني من وجع,لا يوجد ألم; ما في ألم
jaundice,3,1,1,3,1,1,1,Patient reports jaundice.; Patient reports yellowing of skin.,Patient denies jaundice.; Patient has no jaundice.,أعاني من يرقان; أعاني من اصفرار الجلد,لا يوجد يرقان; ما في يرقان
seizures,1,1,1,2,1,1,1,Patient reports seizures.,Patient denies seizures.; Patient has no seizures.,أعاني من نوبات صرع; أعاني من تشنجات,لا يوجد نوبات صرع; ما في نوبات صرع
changes_in_sleep_and_appetite,1,1,1,2,1,1,1,Patient reports changes in sleep and appetite.,Patient denies changes in sleep and appetite.; Patient has no changes in sleep and appetite.,أعاني من تغيرات النوم; أعاني من تغيرات الشهية,لا يوجد تغيرات النوم; ما في تغيرات النوم
sleep_disturbances,1,1,1,2,1,1,1,Patient reports sleep disturbances.,Patient denies sleep disturbances.; Patient has no sleep disturbances.,أعاني من نوم; أعاني من اضطرابات,لا يوجد نوم; ما في نوم
frequent_crying,1,1,1,2,1,1,1,Patient reports frequent crying.,Patient denies frequent crying.; Patient has no frequent crying.,أعاني من متكرر; أعاني من بكاء,لا يوجد متكرر; ما في متكرر
itchy,1,1,1,2,1,1,1,Patient reports itchy.,Patient denies itchy.; Patient has no itchy.,أعاني من حكه; أعاني من هرش,لا يوجد حكه; ما في حكه
shaking,1,1,1,1,1,1,1,Patient reports shaking.,Patient denies shaking.; Patient has no shaking.,أعاني من ارتعاش,لا يوجد ارتعاش; ما في ارتعاش
acne,1,1,1,1,1,1,1,Patient reports acne.,Patient denies acne.; Patient has no acne.,أعاني من حب شباب,لا يوجد حب شباب; ما في حب شباب
pus_or_drainage_from_the_wound,1,1,1,5,1,1,1,Patient reports pus or drainage from the wound.,Patient denies pus or drainage from the wound.; Patient has no pus or drainage from the wound.,أعاني من افرازات; أعاني من سائل,لا يوجد افرازات; ما في افرازات
jaw_or_arm_pain,1,1,1,4,1,1,1,Patient reports jaw or arm pain.,Patient denies jaw or arm pain.; Patient has no jaw or arm pain.,أعاني من ألم; أعاني من وجع,لا يوجد ألم; ما في ألم
loss_of_interest_or_pleasure_in_activities,1,1,1,2,1,1,1,Patient reports loss of interest or pleasure in activities.,Patient denies loss of interest or pleasure in activities.; Patient has no loss of interest or pleasure in activities.,أعاني من فقدان الاهتمام او المتعه بالانشطه; أعاني من انعدام الاستمتاع,لا يوجد فقدان الاهتمام او المتعه بالانشطه; ما في فقدان الاهتمام او المتعه بالانشطه
persistent_cough_with_thick_mucus,1,1,1,2,1,1,1,Patient reports persistent cough with thick mucus.,Patient denies persistent cough with thick mucus.; Patient has no persistent cough with thick mucus.,أعاني من سعال; أعاني من كحة,لا يوجد سعال; ما في سعال
dark_urine,1,1,1,6,1,1,1,Patient reports dark urine.,Patient denies dark urine.; Patient has no dark urine.,أعاني من بول; أعاني من بول داكن,لا يوجد بول; ما في بول
loss_of_sensation_in_the_face_or_other_areas,1,1,1,2,1,1,1,Patient reports loss of sensation in the face or other areas.,Patient denies loss of sensation in the face or other areas.; Patient has no loss of sensation in the face or other areas.,أعاني من فقدان الاحساس; أعاني من فقدان الاحساس في الوجه او مناطق اخري,لا يوجد فقدان الاحساس; ما في فقدان الاحساس
intellectual_disability,1,1,1,1,1,1,1,Patient reports intellectual disability.,Patient denies intellectual disability.; Patient has no intellectual disability.,أعاني من اعاقه ذهنيه,لا يوجد اعاقه ذهنيه; ما في اعاقه ذهنيه
distinct_facial_features_small_jaw,1,1,1,3,1,1,1,Patient reports distinct facial features small jaw.,Patient denies distinct facial features small jaw.; Patient has no distinct facial features small jaw.,أعاني من ملامح وجه مميزة; أعاني من صغر الفك,لا يوجد ملامح وجه مميزة; ما في ملامح وجه مميزة
persistent_cough_with_yellow_or_green_mucus,1,1,1,2,1,1,1,Patient reports persistent cough with yellow or green mucus.,Patient denies persistent cough with yellow or green mucus.; Patient has no persistent cough with yellow or green mucus.,أعاني من سعال; أعاني من كحة,لا يوجد سعال; ما في سعال
fragile_bones,1,1,1,2,1,1,1,Patient reports fragile bones.,Patient denies fragile bones.; Patient has no fragile bones.,أعاني من عظام هشة; أعاني من هشاشة العظام,لا يوجد عظام هشة; ما في عظام هشة
excessive_worrying,1,1,1,2,1,1,1,Patient reports excessive worrying.,Patient denies excessive worrying.; Patient has no excessive worrying.,أعاني من قلق مفرط; أعاني من قلق زائد,لا يوجد قلق مفرط; ما في قلق مفرط
thick_nasal_discharge,1,1,1,3,1,1,1,Patient reports thick nasal discharge.,Patient denies thick nasal discharge.; Patient has no thick nasal discharge.,أعاني من رشح; أعاني من سائل أنفي,لا يوجد رشح; ما في رشح
abdominal_swelling_ascites,1,1,1,4,1,1,1,Patient reports abdominal swelling ascites.,Patient denies abdominal swelling ascites.; Patient has no abdominal swelling ascites.,أعاني من بطن; أعاني من بطني,لا يوجد بطن; ما في بطن
raynaud_s_phenomenon,1,1,1,1,1,1,1,Patient reports raynaud s phenomenon.,Patient denies raynaud s phenomenon.; Patient has no raynaud s phenomenon.,أعاني من ظاهره رينو,لا يوجد ظاهره رينو; ما في ظاهره رينو
panic_attacks,1,1,1,3,1,1,1,Patient reports panic attacks.,Patient denies panic attacks.; Patient has no panic attacks.,أعاني من هلع; أعاني من نوبات,لا يوجد هلع; ما في هلع
cholecystectomy,1,1,1,1,1,1,1,Patient reports cholecystectomy.,Patient denies cholecystectomy.; Patient has no cholecystectomy.,أعاني من استئصال المراره,لا يوجد استئصال المراره; ما في استئصال المراره
fluid_drainage_from_the_ear,1,1,1,6,1,1,1,Patient reports fluid drainage from the ear.,Patient denies fluid drainage from the ear.; Patient has no fluid drainage from the ear.,أعاني من اذن; أعاني من افرازات,لا يوجد اذن; ما في اذن
elevated_cholesterol_levels,1,1,1,2,1,1,1,Patient reports elevated cholesterol levels.,Patient denies elevated cholesterol levels.; Patient has no elevated cholesterol levels.,أعاني من ارتفاع الكوليسترول; أعاني من فرط كوليسترول,لا يوجد ارتفاع الكوليسترول; ما في ارتفاع الكوليسترول
rapid_pulse,1,1,1,2,1,1,1,Patient reports rapid pulse.,Patient denies rapid pulse.; Patient has no rapid pulse.,أعاني من سريع; أعاني من سرعه النبض,لا يوجد سريع; ما في سريع
pain_or_tenderness_at_the_wound_site,1,1,1,2,1,1,1,Patient reports pain or tenderness at the wound site.,Patient denies pain or tenderness at the wound site.; Patient has no pain or tenderness at the wound site.,أعاني من ألم; أعاني من وجع,لا يوجد ألم; ما في ألم
bleeding_tendencies,1,1,1,1,1,1,1,Patient reports bleeding tendencies.,Patient denies bleeding tendencies.; Patient has no bleeding tendencies.,أعاني من ميل للنزف,لا يوجد ميل للنزف; ما في ميل للنزف
decreased_appetite,2,1,1,3,1,1,1,Patient reports decreased appetite.; Patient reports poor appetite.,Patient denies decreased appetite.; Patient has no decreased appetite.,أعاني من فقدان شهية; أعاني من قله شهية,لا يوجد فقدان شهية; ما في فقدان شهية
hearing_loss,1,1,1,3,1,1,1,Patient reports hearing loss.,Patient denies hearing loss.; Patient has no hearing loss.,أعاني من اذن; أعاني من فقدان السمع,لا يوجد اذن; ما في اذن
difficulty_swallowing,1,1,1,2,1,1,1,Patient reports difficulty swallowing.,Patient denies difficulty swallowing.; Patient has no difficulty swallowing.,أعاني من صعوبة البلع; أعاني من عسر البلع,لا يوجد صعوبة البلع; ما في صعوبة البلع
severe_upper_abdominal_pain,1,1,1,4,1,1,1,Patient reports severe upper abdominal pain.,Patient denies severe upper abdominal pain.; Patient has no severe upper abdominal pain.,أعاني من ألم; أعاني من وجع,لا يوجد ألم; ما في ألم
restlessness,1,1,1,2,1,1,1,Patient reports restlessness.,Patient denies restlessness.; Patient has no restlessness.,أعاني من تململ; أعاني من أرق,لا يوجد تململ; ما في تململ
rough,1,1,1,2,1,1,1,Patient reports rough.,Patient denies rough.; Patient has no rough.,أعاني من خشونة الجلد; أعاني من خشن,لا يوجد خشونة الجلد; ما في خشونة الجلد
pelvic_pain,1,1,1,2,1,1,1,Patient reports pelvic pain.,Patient denies pelvic pain.; Patient has no pelvic pain.,أعاني من ألم; أعاني من وجع,لا يوجد ألم; ما في ألم
with_associated_swelling,1,1,1,2,1,1,1,Patient reports with associated swelling.,Patient denies with associated swelling.; Patient has no with associated swelling.,أعاني من تورم; أعاني من انتفاخ,لا يوجد تورم; ما في تورم
or_leg_typically_on_one_side_of_the_body,1,1,1,2,1,1,1,Patient reports or leg typically on one side of the body.,Patient denies or leg typically on one side of the body.; Patient has no or leg typically on one side of the body.,أعاني من ساق; أعاني من قدم,لا يوجد ساق; ما في ساق
difficulty_bonding_with_the_baby,1,1,1,2,1,1,1,Patient reports difficulty bonding with the baby.,Patient denies difficulty bonding with the baby.; Patient has no difficulty bonding with the baby.,أعاني من صعوبة الارتباط بالطفل; أعاني من ضعف الترابط مع الطفل,لا يوجد صعوبة الارتباط بالطفل; ما في صعوبة الارتباط بالطفل
pelvic_pain_during_menstruation,1,1,1,2,1,1,1,Patient reports pelvic pain during menstruation.,Patient denies pelvic pain during menstruation.; Patient has no pelvic pain during menstruation.,أعاني من ألم; أعاني من وجع,لا يوجد ألم; ما في ألم
skin_abnormalities,1,1,1,3,1,1,1,Patient reports skin abnormalities.,Patient denies skin abnormalities.; Patient has no skin abnormalities.,أعاني من جلد; أعاني من شذوذات جلديه,لا يوجد جلد; ما في جلد
tremors,1,1,1,1,1,1,1,Patient reports tremors.,Patient denies tremors.; Patient has no tremors.,أعاني من رعاش,لا يوجد رعاش; ما في رعاش
painful_periods,1,1,1,2,1,1,1,Patient reports painful periods.,Patient denies painful periods.; Patient has no painful periods.,أعاني من ألم; أعاني من وجع,لا يوجد ألم; ما في ألم
facial_weakness_or_paralysis,1,1,1,3,1,1,1,Patient reports facial weakness or paralysis.,Patient denies facial weakness or paralysis.; Patient has no facial weakness or paralysis.,أعاني من ضعف; أعاني من شلل,لا يوجد ضعف; ما في ضعف
recurrent_episodes_of_wheezing,1,1,1,2,1,1,1,Patient reports recurrent episodes of wheezing.,Patient denies recurrent episodes of wheezing.; Patient has no recurrent episodes of wheezing.,أعاني من صفير; أعاني من أزيز,لا يوجد صفير; ما في صفير
sudden,1,1,1,1,1,1,1,Patient reports sudden.,Patient denies sudden.; Patient has no sudden.,أعاني من مفاجئ,لا يوجد مفاجئ; ما في مفاجئ
sensitivity_to_light_and_sound,1,1,1,3,1,1,1,Patient reports sensitivity to light and sound.,Patient denies sensitivity to light and sound.; Patient has no sensitivity to light and sound.,أعاني من حساسيه للضوء; أعاني من رهاب الضوء,لا يوجد حساسيه للضوء; ما في حساسيه للضوء
or_face,1,1,1,2,1,1,1,Patient reports or face.,Patient denies or face.; Patient has no or face.,أعاني من الوجه; أعاني من وجه,لا يوجد الوجه; ما في الوجه
post_nasal_drip,2,1,1,3,1,1,1,Patient reports post nasal drip.; Patient reports post-nasal drip.,Patient denies post nasal drip.; Patient has no post nasal drip.,أعاني من تقاطر انفي; أعاني من افرازات خلفية بالأنف,لا يوجد تقاطر انفي; ما في تقاطر انفي
trouble_concentrating_or_making_decisions,1,1,1,1,1,1,1,Patient reports trouble concentrating or making decisions.,Patient denies trouble concentrating or making decisions.; Patient has no trouble concentrating or making decisions.,أعاني من صعوبه التركيز او اتخاذ القرار,لا يوجد صعوبه التركيز او اتخاذ القرار; ما في صعوبه التركيز او اتخاذ القرار
sore_throat,1,1,1,3,1,1,1,Patient reports sore throat.,Patient denies sore throat.; Patient has no sore throat.,أعاني من التهاب حلق; أعاني من الم حلق,لا يوجد التهاب حلق; ما في التهاب حلق
headaches,1,1,1,4,1,1,1,Patient reports headaches.,Patient denies headaches.; Patient has no headaches.,أعاني من ألم; أعاني من وجع,لا يوجد ألم; ما في ألم
sweating,1,1,1,1,1,1,1,Patient reports sweating.,Patient denies sweating.; Patient has no sweating.,أعاني من تعرق,لا يوجد تعرق; ما في تعرق
sphincterotomy,1,1,1,1,1,1,1,Patient reports sphincterotomy.,Patient denies sphincterotomy.; Patient has no sphincterotomy.,أعاني من قطع المصره (سفنكتروتومي),لا يوجد قطع المصره (سفنكتروتومي); ما في قطع المصره (سفنكتروتومي)
abnormal_bleeding_or_spotting,1,1,1,3,1,1,1,Patient reports abnormal bleeding or spotting.,Patient denies abnormal bleeding or spotting.; Patient has no abnormal bleeding or spotting.,أعاني من نزف; أعاني من نزيف,لا يوجد نزف; ما في نزف
infertility,1,1,1,1,1,1,1,Patient reports infertility.,Patient denies infertility.; Patient has no infertility.,أعاني من عقم,لا يوجد عقم; ما في عقم
eye_pain_or_discomfort,1,1,1,2,1,1,1,Patient reports eye pain or discomfort.,Patient denies eye pain or discomfort.; Patient has no eye pain or discomfort.,أعاني من ألم; أعاني من وجع,لا يوجد ألم; ما في ألم
gradual_loss_of_vision,1,1,1,6,1,1,1,Patient reports gradual loss of vision.,Patient denies gradual loss of vision.; Patient has no gradual loss of vision.,أعاني من رؤيه; أعاني من مشاكل الرؤيه,لا يوجد رؤيه; ما في رؤيه
arm,1,1,1,2,1,1,1,Patient reports arm.,Patient denies arm.; Patient has no arm.,أعاني من ذراع; أعاني من يد,لا يوجد ذراع; ما في ذراع
webbed_neck,1,1,1,1,1,1,1,Patient reports webbed neck.,Patient denies webbed neck.; Patient has no webbed neck.,أعاني من رقبة,لا يوجد رقبة; ما في رقبة
swollen_and_tender_abdomen,1,1,1,5,1,1,1,Patient reports swollen and tender abdomen.,Patient denies swollen and tender abdomen.; Patient has no swollen and tender abdomen.,أعاني من مؤلم عند اللمس; أعاني من ايلام,لا يوجد مؤلم عند اللمس; ما في مؤلم عند اللمس
scaly_patches_on_the_skin,1,1,1,2,1,1,1,Patient reports scaly patches on the skin.,Patient denies scaly patches on the skin.; Patient has no scaly patches on the skin.,أعاني من قشور على الجلد; أعاني من تقشر الجلد,لا يوجد قشور على الجلد; ما في قشور على الجلد
hoarseness,1,1,1,1,1,1,1,Patient reports hoarseness.,Patient denies hoarseness.; Patient has no hoarseness.,أعاني من بحه الصوت,لا يوجد بحه الصوت; ما في بحه الصوت
urge_to_move_legs_for_relief,1,1,1,2,1,1,1,Patient reports urge to move legs for relief.,Patient denies urge to move legs for relief.; Patient has no urge to move legs for relief.,أعاني من ساق; أعاني من قدم,لا يوجد ساق; ما في ساق
chest_pain_sharp_or_dull,1,1,1,5,1,1,1,Patient reports chest pain sharp or dull.,Patient denies chest pain sharp or dull.; Patient has no chest pain sharp or dull.,أعاني من ألم; أعاني من وجع,لا يوجد ألم; ما في ألم
cyanosis_bluish_discoloration_of_the_skin,1,1,1,3,1,1,1,Patient reports cyanosis bluish discoloration of the skin.,Patient denies cyanosis bluish discoloration of the skin.; Patient has no cyanosis bluish discoloration of the skin.,أعاني من زرقه الجلد; أعاني من جلد,لا يوجد زرقه الجلد; ما في زرقه الجلد
fractures,2,1,1,2,1,1,1,Patient reports fractures.; Patient reports fracture.,Patient denies fractures.; Patient has no fractures.,أعاني من كسور; أعاني من كسر,لا يوجد كسور; ما في كسور
sudden_and_severe_abdominal_or_pelvic_pain_on_one_side,1,1,1,4,1,1,1,Patient reports sudden and severe abdominal or pelvic pain on one side.,Patient denies sudden and severe abdominal or pelvic pain on one side.; Patient has no sudden and severe abdominal or pelvic pain on one side.,أعاني من ألم; أعاني من وجع,لا يوجد ألم; ما في ألم
pale_stools,1,1,1,2,1,1,1,Patient reports pale stools.,Patient denies pale stools.; Patient has no pale stools.,أعاني من شحوب; أعاني من براز شاحب,لا يوجد شحوب; ما في شحوب
brief_muscle_contractions_or_jerks,1,1,1,3,1,1,1,Patient reports brief muscle contractions or jerks.,Patient denies brief muscle contractions or jerks.; Patient has no brief muscle contractions or jerks.,أعاني من نفضات عضليه; أعاني من انقباضات عضليه قصيره,لا يوجد نفضات عضليه; ما في نفضات عضليه
slow_healing_of_wounds,1,1,1,3,1,1,1,Patient reports slow healing of wounds.,Patient denies slow healing of wounds.; Patient has no slow healing of wounds.,أعاني من بطيء; أعاني من جرح,لا يوجد بطيء; ما في بطيء
hearing_loss_or_muffled_hearing_in_the_affected_ear,1,1,1,3,1,1,1,Patient reports hearing loss or muffled hearing in the affected ear.,Patient denies hearing loss or muffled hearing in the affected ear.; Patient has no hearing loss or muffled hearing in the affected ear.,أعاني من اذن; أعاني من فقدان السمع,لا يوجد اذن; ما في اذن
pain_during_intercourse,1,1,1,2,1,1,1,Patient reports pain during intercourse.,Patient denies pain during intercourse.; Patient has no pain during intercourse.,أعاني من ألم; أعاني من وجع,لا يوجد ألم; ما في ألم
endoscopic_retrograde_cholangiopancreatography_ercp_with_stone_removal,1,1,1,2,1,1,1,Patient reports endoscopic retrograde cholangiopancreatography ercp with stone removal.,Patient denies endoscopic retrograde cholangiopancreatography ercp with stone removal.; Patient has no endoscopic retrograde cholangiopancreatography ercp with stone removal.,أعاني من منظار القنوات الصفراويه (ercp); أعاني من ازاله حصوات,لا يوجد منظار القنوات الصفراويه (ercp); ما في منظار القنوات الصفراويه (ercp)
thoughts_of_self_harm_or_harming_the_baby,1,1,1,2,1,1,1,Patient reports thoughts of self harm or harming the baby.,Patient denies thoughts of self harm or harming the baby.; Patient has no thoughts of self harm or harming the baby.,أعاني من ذراع; أعاني من يد,لا يوجد ذراع; ما في ذراع
changes_in_skin_color_or_temperature,1,1,1,1,1,1,1,Patient reports changes in skin color or temperature.,Patient denies changes in skin color or temperature.; Patient has no changes in skin color or temperature.,أعاني من تغيرات لون الجلد أو حرارته,لا يوجد تغيرات لون الجلد أو حرارته; ما في تغيرات لون الجلد أو حرارته
frequent_infections,1,1,1,1,1,1,1,Patient reports frequent infections.,Patient denies frequent infections.; Patient has no frequent infections.,أعاني من متكرر,لا يوجد متكرر; ما في متكرر
manic_episodes,1,1,1,1,1,1,1,Patient reports manic episodes.,Patient denies manic episodes.; Patient has no manic episodes.,أعاني من هوسي,لا يوجد هوسي; ما في هوسي
salty_tasting_skin,1,1,1,3,1,1,1,Patient reports salty tasting skin.,Patient denies salty tasting skin.; Patient has no salty tasting skin.,أعاني من جلد; أعاني من طعم جلدي مالح,لا يوجد جلد; ما في جلد
fluid_retention,1,1,1,1,1,1,1,Patient reports fluid retention.,Patient denies fluid retention.; Patient has no fluid retention.,أعاني من احتباس السوائل,لا يوجد احتباس السوائل; ما في احتباس السوائل
confusion,1,1,1,2,1,1,1,Patient reports confusion.,Patient denies confusion.; Patient has no confusion.,أعاني من ارتباك; أعاني من هذيان,لا يوجد ارتباك; ما في ارتباك
swollen_lymph_nodes,1,1,1,4,1,1,1,Patient reports swollen lymph nodes.,Patient denies swollen lymph nodes.; Patient has no swollen lymph nodes.,أعاني من متورم; أعاني من العقد اللمفاويه,لا يوجد متورم; ما في متورم
often_affecting_the_arms,1,1,1,2,1,1,1,Patient reports often affecting the arms.,Patient denies often affecting the arms.; Patient has no often affecting the arms.,أعاني من ذراع; أعاني من يد,لا يوجد ذراع; ما في ذراع
hopelessness,1,1,1,1,1,1,1,Patient reports hopelessness.,Patient denies hopelessness.; Patient has no hopelessness.,أعاني من ياس,لا يوجد ياس; ما في ياس
body_aches,1,1,1,3,1,1,1,Patient reports body aches.,Patient denies body aches.; Patient has no body aches.,أعاني من ألم; أعاني من وجع,لا يوجد ألم; ما في ألم
high_blood_pressure,1,1,1,1,1,1,1,Patient reports high blood pressure.,Patient denies high blood pressure.; Patient has no high blood pressure.,أعاني من ارتفاع ضغط الدم,لا يوجد ارتفاع ضغط الدم; ما في ارتفاع ضغط الدم
sensitivity_to_cold,1,1,1,2,1,1,1,Patient reports sensitivity to cold.,Patient denies sensitivity to cold.; Patient has no sensitivity to cold.,أعاني من حساسيه للبرد; أعاني من عدم تحمل البرد,لا يوجد حساسيه للبرد; ما في حساسيه للبرد
lymphedema,1,1,1,2,1,1,1,Patient reports lymphedema.,Patient denies lymphedema.; Patient has no lymphedema.,أعاني من وذمه; أعاني من وذمه لمفيه,لا يوجد وذمه; ما في وذمه
loss_of_height_over_time,1,1,1,1,1,1,1,Patient reports loss of height over time.,Patient denies loss of height over time.; Patient has no loss of height over time.,أعاني من نقص الطول مع الزمن,لا يوجد نقص الطول مع الزمن; ما في نقص الطول مع الزمن
halos_around_lights,1,1,1,1,1,1,1,Patient reports halos around lights.,Patient denies halos around lights.; Patient has no halos around lights.,أعاني من هالات حول الاضواء,لا يوجد هالات حول الاضواء; ما في هالات حول الاضواء
pale_skin,1,1,1,2,1,1,1,Patient reports pale skin.,Patient denies pale skin.; Patient has no pale skin.,أعاني من شحوب; أعاني من جلد,لا يوجد شحوب; ما في شحوب
severe_and_chronic_pain,1,1,1,3,1,1,1,Patient reports severe and chronic pain.,Patient denies severe and chronic pain.; Patient has no severe and chronic pain.,أعاني من ألم; أعاني من وجع,لا يوجد ألم; ما في ألم
urgency,1,1,1,1,1,1,1,Patient reports urgency.,Patient denies urgency.; Patient has no urgency.,أعاني من الحاح بولي,لا يوجد الحاح بولي; ما في الحاح بولي
eye_movement_abnormalities,1,1,1,1,1,1,1,Patient reports eye movement abnormalities.,Patient denies eye movement abnormalities.; Patient has no eye movement abnormalities.,أعاني من اضطرابات حركه العين,لا يوجد اضطرابات حركه العين; ما في اضطرابات حركه العين
frequent_urination,1,1,1,3,1,1,1,Patient reports frequent urination.,Patient denies frequent urination.; Patient has no frequent urination.,أعاني من متكرر; أعاني من تبول,لا يوجد متكرر; ما في متكرر
excessive_hair_growth,1,1,1,2,1,1,1,Patient reports excessive hair growth.,Patient denies excessive hair growth.; Patient has no excessive hair growth.,أعاني من فرط الشعر; أعاني من الشعرانيه,لا يوجد فرط الشعر; ما في فرط الشعر
dizziness,1,1,1,1,1,1,1,Patient reports dizziness.,Patient denies dizziness.; Patient has no dizziness.,أعاني من دوخة,لا يوجد دوخة; ما في دوخة
itching,1,1,1,2,1,1,1,Patient reports itching.,Patient denies itching.; Patient has no itching.,أعاني من حكة; أعاني من هرش,لا يوجد حكة; ما في حكة
recurrent_lung_infections,1,1,1,1,1,1,1,Patient reports recurrent lung infections.,Patient denies recurrent lung infections.; Patient has no recurrent lung infections.,أعاني من متكرر,لا يوجد متكرر; ما في متكرر
emptiness,1,1,1,1,1,1,1,Patient reports emptiness.,Patient denies emptiness.; Patient has no emptiness.,أعاني من شعور بالفراغ,لا يوجد شعور بالفراغ; ما في شعور بالفراغ
bruising,1,1,1,1,1,1,1,Patient reports bruising.,Patient denies bruising.; Patient has no bruising.,أعاني من كدمات,لا يوجد كدمات; ما في كدمات
usually_in_the_evening_or_at_night,1,1,1,1,1,1,1,Patient reports usually in the evening or at night.,Patient denies usually in the evening or at night.; Patient has no usually in the evening or at night.,أعاني من غالبًا في المساء أو الليل,لا يوجد غالبًا في المساء أو الليل; ما في غالبًا في المساء أو الليل
stiffness,1,1,1,1,1,1,1,Patient reports stiffness.,Patient denies stiffness.; Patient has no stiffness.,أعاني من تيبس,لا يوجد تيبس; ما في تيبس
malaise,1,1,1,1,1,1,1,Patient reports malaise.,Patient denies malaise.; Patient has no malaise.,أعاني من توعك عام,لا يوجد توعك عام; ما في توعك عام
lump_or_swelling_in_the_testicles,1,1,1,5,1,1,1,Patient reports lump or swelling in the testicles.,Patient denies lump or swelling in the testicles.; Patient has no lump or swelling in the testicles.,أعاني من تورم; أعاني من انتفاخ,لا يوجد تورم; ما في تورم
severe_headache,1,1,1,4,1,1,1,Patient reports severe headache.,Patient denies severe headache.; Patient has no severe headache.,أعاني من ألم; أعاني من وجع,لا يوجد ألم; ما في ألم
swollen_eyelids,1,1,1,1,1,1,1,Patient reports swollen eyelids.,Patient denies swollen eyelids.; Patient has no swollen eyelids.,أعاني من متورم,لا يوجد متورم; ما في متورم
slowness_of_movement,1,1,1,2,1,1,1,Patient reports slowness of movement.,Patient denies slowness of movement.; Patient has no slowness of movement.,أعاني من بطيء; أعاني من بطء الحركه,لا يوجد بطيء; ما في بطيء
difficulty_speaking_or_walking,1,1,1,1,1,1,1,Patient reports difficulty speaking or walking.,Patient denies difficulty speaking or walking.; Patient has no difficulty speaking or walking.,أعاني من صعوبه الكلام او المشي,لا يوجد صعوبه الكلام او المشي; ما في صعوبه الكلام او المشي
lack_of_interest,1,1,1,2,1,1,1,Patient reports lack of interest.,Patient denies lack of interest.; Patient has no lack of interest.,أعاني من قله اهتمام; أعاني من انعدام الاهتمام,لا يوجد قله اهتمام; ما في قله اهتمام
burning_sensation_during_urination,1,1,1,3,1,1,1,Patient reports burning sensation during urination.,Patient denies burning sensation during urination.; Patient has no burning sensation during urination.,أعاني من حرقة بول; أعاني من حرقان بول,لا يوجد حرقة بول; ما في حرقة بول
abdominal_pain_often_in_the_upper_right_quadrant,1,1,1,4,1,1,1,Patient reports abdominal pain often in the upper right quadrant.,Patient denies abdominal pain often in the upper right quadrant.; Patient has no abdominal pain often in the upper right quadrant.,أعاني من ألم; أعاني من وجع,لا يوجد ألم; ما في ألم
coughing_up_blood_or_pink_tinged_sputum,1,1,1,2,1,1,1,Patient reports coughing up blood or pink tinged sputum.,Patient denies coughing up blood or pink tinged sputum.; Patient has no coughing up blood or pink tinged sputum.,أعاني من سعال; أعاني من كحة,لا يوجد سعال; ما في سعال
decreased_urine_output,1,1,1,6,1,1,1,Patient reports decreased urine output.,Patient denies decreased urine output.; Patient has no decreased urine output.,أعاني من بول; أعاني من نقص كميه البول,لا يوجد بول; ما في بول
changes_in_testicular_size_or_shape,1,1,1,1,1,1,1,Patient reports changes in testicular size or shape.,Patient denies changes in testicular size or shape.; Patient has no changes in testicular size or shape.,أعاني من خصوي,لا يوجد خصوي; ما في خصوي
wheezing,2,1,1,4,1,1,1,Patient reports wheezing.; Patient reports wheeze.,Patient denies wheezing.; Patient has no wheezing.,أعاني من صفير; أعاني من ازيز,لا يوجد صفير; ما في صفير
often_in_the_limbs,1,1,1,1,1,1,1,Patient reports often in the limbs.,Patient denies often in the limbs.; Patient has no often in the limbs.,أعاني من غالبًا في الأطراف,لا يوجد غالبًا في الأطراف; ما في غالبًا في الأطراف
enlarged_spleen_or_liver,1,1,1,4,1,1,1,Patient reports enlarged spleen or liver.,Patient denies enlarged spleen or liver.; Patient has no enlarged spleen or liver.,أعاني من كبد; أعاني من طحال,لا يوجد كبد; ما في كبد
bloating,1,1,1,2,1,1,1,Patient reports bloating.,Patient denies bloating.; Patient has no bloating.,أعاني من نفخة; أعاني من انتفاخ البطن,لا يوجد نفخة; ما في نفخة
swollen_salivary_glands_usually_parotid,1,1,1,5,1,1,1,Patient reports swollen salivary glands usually parotid.,Patient denies swollen salivary glands usually parotid.; Patient has no swollen salivary glands usually parotid.,أعاني من الغدد اللعابيه; أعاني من النكفيه,لا يوجد الغدد اللعابيه; ما في الغدد اللعابيه
inflamed_skin,1,1,1,2,1,1,1,Patient reports inflamed skin.,Patient denies inflamed skin.; Patient has no inflamed skin.,أعاني من جلد; أعاني من التهاب الجلد,لا يوجد جلد; ما في جلد
optic_neuritis_vision_loss,1,1,1,5,1,1,1,Patient reports optic neuritis vision loss.,Patient denies optic neuritis vision loss.; Patient has no optic neuritis vision loss.,أعاني من فقدان البصر; أعاني من مشاكل الرؤية,لا يوجد فقدان البصر; ما في فقدان البصر
anxiety,1,1,1,1,1,1,1,Patient reports anxiety.,Patient denies anxiety.; Patient has no anxiety.,أعاني من قلق,لا يوجد قلق; ما في قلق
chest_wall_bruising,1,1,1,2,1,1,1,Patient reports chest wall bruising.,Patient denies chest wall bruising.; Patient has no chest wall bruising.,أعاني من صدر; أعاني من كدمات,لا يوجد صدر; ما في صدر
ovarian_cysts,1,1,1,2,1,1,1,Patient reports ovarian cysts.,Patient denies ovarian cysts.; Patient has no ovarian cysts.,أعاني من اكياس مبيضيه; أعاني من مبيضي,لا يوجد اكياس مبيضيه; ما في اكياس مبيضيه
blurred_or_distorted_central_vision,1,1,1,5,1,1,1,Patient reports blurred or distorted central vision.,Patient denies blurred or distorted central vision.; Patient has no blurred or distorted central vision.,أعاني من مشاكل الرؤية; أعاني من فقدان البصر,لا يوجد مشاكل الرؤية; ما في مشاكل الرؤية
abnormal_sweating,1,1,1,2,1,1,1,Patient reports abnormal sweating.,Patient denies abnormal sweating.; Patient has no abnormal sweating.,أعاني من تعرق غير طبيعي; أعاني من فرط تعرق,لا يوجد تعرق غير طبيعي; ما في تعرق غير طبيعي
difficulty_concentrating,1,1,1,1,1,1,1,Patient reports difficulty concentrating.,Patient denies difficulty concentrating.; Patient has no difficulty concentrating.,أعاني من صعوبه التركيز,لا يوجد صعوبه التركيز; ما في صعوبه التركيز
watery_discharge,1,1,1,1,1,1,1,Patient reports watery discharge.,Patient denies watery discharge.; Patient has no watery discharge.,أعاني من افرازات مائيه,لا يوجد افرازات مائيه; ما في افرازات مائيه
increased_urination_or_urine_changes,1,1,1,7,1,1,1,Patient reports increased urination or urine changes.,Patient denies increased urination or urine changes.; Patient has no increased urination or urine changes.,أعاني من بول; أعاني من تبول,لا يوجد بول; ما في بول
swelling,2,1,1,2,1,1,1,Patient reports swelling.; Patient reports edema.,Patient denies swelling.; Patient has no swelling.,أعاني من تورم; أعاني من انتفاخ,لا يوجد تورم; ما في تورم
vision_problems,1,1,1,6,1,1,1,Patient reports vision problems.,Patient denies vision problems.; Patient has no vision problems.,أعاني من رؤيه; أعاني من مشاكل الرؤيه,لا يوجد رؤيه; ما في رؤيه
restricted_interests_or_repetitive_behaviors,1,1,1,1,1,1,1,Patient reports restricted interests or repetitive behaviors.,Patient denies restricted interests or repetitive behaviors.; Patient has no restricted interests or repetitive behaviors.,أعاني من اهتمامات محدوده او سلوكيات تكراريه,لا يوجد اهتمامات محدوده او سلوكيات تكراريه; ما في اهتمامات محدوده او سلوكيات تكراريه
loss_of_appetite,2,1,1,2,1,1,1,Patient reports loss of appetite.; Patient reports no appetite.,Patient denies loss of appetite.; Patient has no loss of appetite.,أعاني من انعدام شهية; أعاني من عدم شهية,لا يوجد انعدام شهية; ما في انعدام شهية
irritability,1,1,1,2,1,1,1,Patient reports irritability.,Patient denies irritability.; Patient has no irritability.,أعاني من تهيج; أعاني من انفعال,لا يوجد تهيج; ما في تهيج
gastrointestinal_symptoms,1,1,1,1,1,1,1,Patient reports gastrointestinal symptoms.,Patient denies gastrointestinal symptoms.; Patient has no gastrointestinal symptoms.,أعاني من هضمي,لا يوجد هضمي; ما في هضمي
painful_urination,1,1,1,5,1,1,1,Patient reports painful urination.,Patient denies painful urination.; Patient has no painful urination.,أعاني من ألم; أعاني من وجع,لا يوجد ألم; ما في ألم
persistent_feelings_of_sadness,1,1,1,1,1,1,1,Patient reports persistent feelings of sadness.,Patient denies persistent feelings of sadness.; Patient has no persistent feelings of sadness.,أعاني من مستمر,لا يوجد مستمر; ما في مستمر
muscle_wasting,1,1,1,2,1,1,1,Patient reports muscle wasting.,Patient denies muscle wasting.; Patient has no muscle wasting.,أعاني من عضله; أعاني من ضمور عضلي,لا يوجد عضله; ما في عضله
painful_veins_in_the_rectal_area,1,1,1,2,1,1,1,Patient reports painful veins in the rectal area.,Patient denies painful veins in the rectal area.; Patient has no painful veins in the rectal area.,أعاني من ألم; أعاني من وجع,لا يوجد ألم; ما في ألم
rib_fractures_associated_injuries,1,1,1,3,1,1,1,Patient reports rib fractures associated injuries.,Patient denies rib fractures associated injuries.; Patient has no rib fractures associated injuries.,أعاني من كسور الاضلاع; أعاني من كسور,لا يوجد كسور الاضلاع; ما في كسور الاضلاع
transverse_myelitis_weakness,1,1,1,1,1,1,1,Patient reports transverse myelitis weakness.,Patient denies transverse myelitis weakness.; Patient has no transverse myelitis weakness.,أعاني من ضعف,لا يوجد ضعف; ما في ضعف
swelling_of_the_legs_or_ankles,3,1,1,4,1,1,1,Patient reports swelling of the legs or ankles.; Patient reports leg swelling.,Patient denies swelling of the legs or ankles.; Patient has no swelling of the legs or ankles.,أعاني من تورم الساقين; أعاني من انتفاخ الساقين,لا يوجد تورم الساقين; ما في تورم الساقين
mood_swings,1,1,1,1,1,1,1,Patient reports mood swings.,Patient denies mood swings.; Patient has no mood swings.,أعاني من تقلبات المزاج,لا يوجد تقلبات المزاج; ما في تقلبات المزاج
irregular_periods,1,1,1,2,1,1,1,Patient reports irregular periods.,Patient denies irregular periods.; Patient has no irregular periods.,أعاني من عدم انتظام الدورة; أعاني من اضطراب الطمث,لا يوجد عدم انتظام الدورة; ما في عدم انتظام الدورة
short_stature,1,1,1,1,1,1,1,Patient reports short stature.,Patient denies short stature.; Patient has no short stature.,أعاني من قصر القامه,لا يوجد قصر القامه; ما في قصر القامه
developmental_delays,1,1,1,1,1,1,1,Patient reports developmental delays.,Patient denies developmental delays.; Patient has no developmental delays.,أعاني من تاخر نمائي,لا يوجد تاخر نمائي; ما في تاخر نمائي
usually_in_sun_exposed_areas,1,1,1,1,1,1,1,Patient reports usually in sun exposed areas.,Patient denies usually in sun exposed areas.; Patient has no usually in sun exposed areas.,أعاني من عادةً في المناطق المعرضة للشمس,لا يوجد عادةً في المناطق المعرضة للشمس; ما في عادةً في المناطق المعرضة للشمس
lasting_for_at_least_two_years,1,1,1,1,1,1,1,Patient reports lasting for at least two years.,Patient denies lasting for at least two years.; Patient has no lasting for at least two years.,أعاني من اذن,لا يوجد اذن; ما في اذن
nipple_changes,1,1,1,1,1,1,1,Patient reports nipple changes.,Patient denies nipple changes.; Patient has no nipple changes.,أعاني من تغيرات الحلمة,لا يوجد تغيرات الحلمة; ما في تغيرات الحلمة
tenderness,1,1,1,3,1,1,1,Patient reports tenderness.,Patient denies tenderness.; Patient has no tenderness.,أعاني من مؤلم عند اللمس; أعاني من ايلام,لا يوجد مؤلم عند اللمس; ما في مؤلم عند اللمس
hallucinations,1,1,1,1,1,1,1,Patient reports hallucinations.,Patient denies hallucinations.; Patient has no hallucinations.,أعاني من هلوسات,لا يوجد هلوسات; ما في هلوسات
persistent_depressive_symptoms_low_mood,1,1,1,2,1,1,1,Patient reports persistent depressive symptoms low mood.,Patient denies persistent depressive symptoms low mood.; Patient has no persistent depressive symptoms low mood.,أعاني من مستمر; أعاني من اكتئابي,لا يوجد مستمر; ما في مستمر
rapid_or_shallow_breathing,1,1,1,1,1,1,1,Patient reports rapid or shallow breathing.,Patient denies rapid or shallow breathing.; Patient has no rapid or shallow breathing.,أعاني من تنفس سريع او سطحي,لا يوجد تنفس سريع او سطحي; ما في تنفس سريع او سطحي
feelings_of_guilt_or_worthlessness,1,1,1,2,1,1,1,Patient reports feelings of guilt or worthlessness.,Patient denies feelings of guilt or worthlessness.; Patient has no feelings of guilt or worthlessness.,أعاني من شعور بالذنب; أعاني من انعدام القيمه,لا يوجد شعور بالذنب; ما في شعور بالذنب
limited_range_of_motion,1,1,1,2,1,1,1,Patient reports limited range of motion.,Patient denies limited range of motion.; Patient has no limited range of motion.,أعاني من مدى حركة محدود; أعاني من تيبس المفصل,لا يوجد مدى حركة محدود; ما في مدى حركة محدود
thickening_of_the_skin,1,1,1,3,1,1,1,Patient reports thickening of the skin.,Patient denies thickening of the skin.; Patient has no thickening of the skin.,أعاني من تسمك; أعاني من جلد,لا يوجد تسمك; ما في تسمك
trouble_speaking_or_understanding,1,1,1,1,1,1,1,Patient reports trouble speaking or understanding.,Patient denies trouble speaking or understanding.; Patient has no trouble speaking or understanding.,أعاني من صعوبه الكلام او الفهم,لا يوجد صعوبه الكلام او الفهم; ما في صعوبه الكلام او الفهم
especially_at_night_or_in_response_to_triggers_such_as_allergens_or_exercise,1,1,1,1,1,1,1,Patient reports especially at night or in response to triggers such as allergens or exercise.,Patient denies especially at night or in response to triggers such as allergens or exercise.; Patient has no especially at night or in response to triggers such as allergens or exercise.,أعاني من خصوصًا ليلاً أو مع محفزات مثل مسببات الحساسية أو التمرين,لا يوجد خصوصًا ليلاً أو مع محفزات مثل مسببات الحساسية أو التمرين; ما في خصوصًا ليلاً أو مع محفزات مثل مسببات الحساسية أو التمرين
sharp_or_stabbing_pain,1,1,1,2,1,1,1,Patient reports sharp or stabbing pain.,Patient denies sharp or stabbing pain.; Patient has no sharp or stabbing pain.,أعاني من ألم; أعاني من وجع,لا يوجد ألم; ما في ألم
gonadal_dysgenesis,1,1,1,1,1,1,1,Patient reports gonadal dysgenesis.,Patient denies gonadal dysgenesis.; Patient has no gonadal dysgenesis.,أعاني من خلل تكون الغدد التناسليه,لا يوجد خلل تكون الغدد التناسليه; ما في خلل تكون الغدد التناسليه
decreased_oxygen_levels,1,1,1,2,1,1,1,Patient reports decreased oxygen levels.,Patient denies decreased oxygen levels.; Patient has no decreased oxygen levels.,أعاني من اكسجين; أعاني من انخفاض مستويات الاكسجين,لا يوجد اكسجين; ما في اكسجين
distorted_body_image,1,1,1,1,1,1,1,Patient reports distorted body image.,Patient denies distorted body image.; Patient has no distorted body image.,أعاني من صوره جسم مشوهه,لا يوجد صوره جسم مشوهه; ما في صوره جسم مشوهه
depends_on_the_specific_cranial_nerve_involved_symptoms_can_include_vision_changes,1,1,1,1,1,1,1,Patient reports depends on the specific cranial nerve involved symptoms can include vision changes.,Patient denies depends on the specific cranial nerve involved symptoms can include vision changes.; Patient has no depends on the specific cranial nerve involved symptoms can include vision changes.,أعاني من رؤيه,لا يوجد رؤيه; ما في رؤيه
loss_of_bladder_or_bowel_control,1,1,1,2,1,1,1,Patient reports loss of bladder or bowel control.,Patient denies loss of bladder or bowel control.; Patient has no loss of bladder or bowel control.,أعاني من سلس بولي أو برازي; أعاني من فقدان السيطرة على البول أو البراز,لا يوجد سلس بولي أو برازي; ما في سلس بولي أو برازي
sensitivity_to_light,1,1,1,2,1,1,1,Patient reports sensitivity to light.,Patient denies sensitivity to light.; Patient has no sensitivity to light.,أعاني من حساسيه للضوء; أعاني من رهاب الضوء,لا يوجد حساسيه للضوء; ما في حساسيه للضوء
cramping,1,1,1,2,1,1,1,Patient reports cramping.,Patient denies cramping.; Patient has no cramping.,أعاني من تقلصات; أعاني من مغص,لا يوجد تقلصات; ما في تقلصات
cognitive_problems,1,1,1,1,1,1,1,Patient reports cognitive problems.,Patient denies cognitive problems.; Patient has no cognitive problems.,أعاني من مشاكل معرفيه,لا يوجد مشاكل معرفيه; ما في مشاكل معرفيه
ear_pain,1,1,1,2,1,1,1,Patient reports ear pain.,Patient denies ear pain.; Patient has no ear pain.,أعاني من ألم; أعاني من وجع,لا يوجد ألم; ما في ألم
painful_erection,1,1,1,2,1,1,1,Patient reports painful erection.,Patient denies painful erection.; Patient has no painful erection.,أعاني من ألم; أعاني من وجع,لا يوجد ألم; ما في ألم
dry_mouth,1,1,1,2,1,1,1,Patient reports dry mouth.,Patient denies dry mouth.; Patient has no dry mouth.,أعاني من جاف; أعاني من ناشف,لا يوجد جاف; ما في جاف
frequent_nosebleeds,1,1,1,3,1,1,1,Patient reports frequent nosebleeds.,Patient denies frequent nosebleeds.; Patient has no frequent nosebleeds.,أعاني من متكرر; أعاني من رعاف,لا يوجد متكرر; ما في متكرر
neck_pain,1,1,1,3,1,1,1,Patient reports neck pain.,Patient denies neck pain.; Patient has no neck pain.,أعاني من ألم; أعاني من وجع,لا يوجد ألم; ما في ألم
back_pain,1,1,1,3,1,1,1,Patient reports back pain.,Patient denies back pain.; Patient has no back pain.,أعاني من ألم; أعاني من وجع,لا يوجد ألم; ما في ألم
chest_pain,1,1,1,6,1,1,1,Patient reports chest pain.,Patient denies chest pain.; Patient has no chest pain.,أعاني من الم صدر; أعاني من وجع صدر,لا يوجد الم صدر; ما في الم صدر
chest_congestion,1,1,1,3,1,1,1,Patient reports chest congestion.,Patient denies chest congestion.; Patient has no chest congestion.,أعاني من صدر; أعاني من احتقان صدر,لا يوجد صدر; ما في صدر
numbness_or_weakness_general,1,1,1,3,1,1,1,Patient reports numbness or weakness general.,Patient denies numbness or weakness general.; Patient has no numbness or weakness general.,أعاني من عام; أعاني من ضعف,لا يوجد عام; ما في عام
muscle_weakness,1,1,1,3,1,1,1,Patient reports muscle weakness.,Patient denies muscle weakness.; Patient has no muscle weakness.,أعاني من ضعف; أعاني من عضله,لا يوجد ضعف; ما في ضعف
facial_numbness_or_weakness,1,1,1,2,1,1,1,Patient reports facial numbness or weakness.,Patient denies facial numbness or weakness.; Patient has no facial numbness or weakness.,أعاني من ضعف; أعاني من خدر,لا يوجد ضعف; ما في ضعف
extremities_numbness_or_weakness,1,1,1,2,1,1,1,Patient reports extremities numbness or weakness.,Patient denies extremities numbness or weakness.; Patient has no extremities numbness or weakness.,أعاني من ضعف; أعاني من خدر,لا يوجد ضعف; ما في ضعف
weight_changes_general,1,1,1,2,1,1,1,Patient reports weight changes general.,Patient denies weight changes general.; Patient has no weight changes general.,أعاني من عام; أعاني من تغيرات الوزن,لا يوجد عام; ما في عام
weight_loss_severe_or_unintentional,1,1,1,1,1,1,1,Patient reports weight loss severe or unintentional.,Patient denies weight loss severe or unintentional.; Patient has no weight loss severe or unintentional.,أعاني من نقص وزن,لا يوجد نقص وزن; ما في نقص وزن
poor_growth_or_weight_gain,1,1,1,1,1,1,1,Patient reports poor growth or weight gain.,Patient denies poor growth or weight gain.; Patient has no poor growth or weight gain.,أعاني من زيادة وزن,لا يوجد زيادة وزن; ما في زيادة وزن
fear_of_weight_gain,1,1,1,1,1,1,1,Patient reports fear of weight gain.,Patient denies fear of weight gain.; Patient has no fear of weight gain.,أعاني من زيادة وزن,لا يوجد زيادة وزن; ما في زيادة وزن
cough_dry_or_chronic,3,1,1,5,1,1,1,Patient reports cough dry or chronic.; Patient reports dry cough.,Patient denies cough dry or chronic.; Patient has no cough dry or chronic.,أعاني من سعال جاف; أعاني من كحه جافه,لا يوجد سعال جاف; ما في سعال جاف
joint_pain_general,1,1,1,2,1,1,1,Patient reports joint pain general.,Patient denies joint pain general.; Patient has no joint pain general.,أعاني من ألم; أعاني من وجع,لا يوجد ألم; ما في ألم
joint_muscle_pain,1,1,1,2,1,1,1,Patient reports joint muscle pain.,Patient denies joint muscle pain.; Patient has no joint muscle pain.,أعاني من ألم; أعاني من وجع,لا يوجد ألم; ما في ألم
spontaneous_bleeding_joints_muscles,1,1,1,4,1,1,1,Patient reports spontaneous bleeding joints muscles.,Patient denies spontaneous bleeding joints muscles.; Patient has no spontaneous bleeding joints muscles.,أعاني من نزف; أعاني من نزيف,لا يوجد نزف; ما في نزف
bleeding_and_bruising,1,1,1,2,1,1,1,Patient reports bleeding and bruising.,Patient denies bleeding and bruising.; Patient has no bleeding and bruising.,أعاني من كدمات; أعاني من نزف وكدمات,لا يوجد كدمات; ما في كدمات
blood_in_urine_or_stool,3,1,1,4,1,1,1,Patient reports blood in urine or stool.; Patient reports blood in urine.,Patient denies blood in urine or stool.; Patient has no blood in urine or stool.,أعاني من دم في البول; أعاني من دم في البراز,لا يوجد دم في البول; ما في دم في البول
preeclampsia,1,1,1,1,1,1,1,Patient reports preeclampsia.,Patient denies preeclampsia.; Patient has no preeclampsia.,أعاني من تسمم الحمل,لا يوجد تسمم الحمل; ما في تسمم الحمل
heart_rate_issues,1,1,1,2,1,1,1,Patient reports heart rate issues.,Patient denies heart rate issues.; Patient has no heart rate issues.,أعاني من معدل ضربات القلب; أعاني من اذن,لا يوجد معدل ضربات القلب; ما في معدل ضربات القلب
heart_attack,1,1,1,4,1,1,1,Patient reports heart attack.,Patient denies heart attack.; Patient has no heart attack.,أعاني من نوبه; أعاني من نوبه قلبيه,لا يوجد نوبه; ما في نوبه
nausea_or_vomiting,4,1,1,4,1,1,1,Patient reports nausea or vomiting.; Patient reports nausea.,Patient denies nausea or vomiting.; Patient has no nausea or vomiting.,أعاني من غثيان; أعاني من استفراغ,لا يوجد غثيان; ما في غثيان
rash_general,3,1,1,1,1,1,1,Patient reports rash general.; Patient reports rash.,Patient denies rash general.; Patient has no rash general.,أعاني من طفح جلدي,لا يوجد طفح جلدي; ما في طفح جلدي
difficulty_breathing,4,1,1,9,1,1,1,Patient reports difficulty breathing.; Patient reports shortness of breath.,Patient denies difficulty breathing.; Patient has no difficulty breathing.,أعاني من ضيق نفس; أعاني من صعوبه تنفس,لا يوجد ضيق نفس; ما في ضيق نفس
sleep_or_appetite_changes,1,1,1,2,1,1,1,Patient reports sleep or appetite changes.,Patient denies sleep or appetite changes.; Patient has no sleep or appetite changes.,أعاني من تغيرات نوم; أعاني من تغيرات شهية,لا يوجد تغيرات نوم; ما في تغيرات نوم
abdominal_pain_general,1,1,1,4,1,1,1,Patient reports abdominal pain general.,Patient denies abdominal pain general.; Patient has no abdominal pain general.,أعاني من ألم; أعاني من وجع,لا يوجد ألم; ما في ألم
balance_issues,1,1,1,1,1,1,1,Patient reports balance issues.,Patient denies balance issues.; Patient has no balance issues.,أعاني من مشاكل اتزان,لا يوجد مشاكل اتزان; ما في مشاكل اتزان
blind_spots,1,1,1,1,1,1,1,Patient reports blind spots.,Patient denies blind spots.; Patient has no blind spots.,أعاني من بقع عمياء,لا يوجد بقع عمياء; ما في بقع عمياء
abnormal_urine,1,1,1,1,1,1,1,Patient reports abnormal urine.,Patient denies abnormal urine.; Patient has no abnormal urine.,أعاني من بول غير طبيعي,لا يوجد بول غير طبيعي; ما في بول غير طبيعي
bowel_irregularities,1,1,1,1,1,1,1,Patient reports bowel irregularities.,Patient denies bowel irregularities.; Patient has no bowel irregularities.,أعاني من اضطرابات الأمعاء,لا يوجد اضطرابات الأمعاء; ما في اضطرابات الأمعاء
depression_general,1,1,1,2,1,1,1,Patient reports depression general.,Patient denies depression general.; Patient has no depression general.,أعاني من عام; أعاني من اكتئاب,لا يوجد عام; ما في عام
movement_or_speech_difficulty,1,1,1,1,1,1,1,Patient reports movement or speech difficulty.,Patient denies movement or speech difficulty.; Patient has no movement or speech difficulty.,أعاني من صعوبه الحركه او الكلام,لا يوجد صعوبه الحركه او الكلام; ما في صعوبه الحركه او الكلام
fatigue_general,3,1,1,3,1,1,1,Patient reports fatigue general.; Patient reports fatigue.,Patient denies fatigue general.; Patient has no fatigue general.,أعاني من ارهاق; أعاني من تعب,لا يوجد ارهاق; ما في ارهاق
fever_general,3,1,1,7,1,1,1,Patient reports fever general.; Patient reports fever.,Patient denies fever general.; Patient has no fever general.,أعاني من حمى; أعاني من حرارة,لا يوجد حمى; ما في حمى
heart_rate_irregularities,1,1,1,3,1,1,1,Patient reports heart rate irregularities.,Patient denies heart rate irregularities.; Patient has no heart rate irregularities.,أعاني من معدل ضربات القلب; أعاني من اضطرابات,لا يوجد معدل ضربات القلب; ما في معدل ضربات القلب
bowel_movement_changes,1,1,1,1,1,1,1,Patient reports bowel movement changes.,Patient denies bowel movement changes.; Patient has no bowel movement changes.,أعاني من تغيرات التبرز,لا يوجد تغيرات التبرز; ما في تغيرات التبرز
redness_general,1,1,1,2,1,1,1,Patient reports redness general.,Patient denies redness general.; Patient has no redness general.,أعاني من عام; أعاني من احمرار,لا يوجد عام; ما في عام
